run_id,code_commit,method,config_path,seed,parent_checkpoints,steps,batch_size,context,processed_targets_including_ancestry,parameters,hardware,threads,train_precision,train_seconds,validation_seconds,test_seconds,peak_ram_gb,peak_gpu_allocated_gb,validation_bpb,test_bpb,checkpoint_sha256,selected_on,notes
baseline,N/A,model,configs/baseline.json,17,N/A,1200,32,256,9830400,1088256,CPU Intel i5-11300H,8,fp32,N/A,N/A,11.08,0,0,N/A,2.1013,N/A,N/A,baseline reference
ab1-rmsnorm-fair,N/A,student_ab1,configs/baseline.json,17,N/A,1200,32,256,9830400,1087104,CPU Intel i5-11300H,4,fp32,724.92,13.14,18.26,0,0,2.0777,2.1081,7c9c65579dfa560219f6deebe0f79288cda3f8e0b3ae3274c78176beb0d559ab,final,ablation: RMSNorm only; original train.py
ab2-rope-fair,N/A,student_ab2,configs/baseline.json,17,N/A,1200,32,256,9830400,1055488,CPU Intel i5-11300H,4,fp32,828.92,16.78,13.21,0,0,1.9223,1.9527,0b7bd8505e8e2a00107d9973a733d716481fbfdccaf452ecfc26b97ff2f8a37d,final,ablation: RoPE only; original train.py
ab3-swiglu-fair,N/A,student_ab3,configs/baseline.json,17,N/A,1200,32,256,9830400,1089792,CPU Intel i5-11300H,4,fp32,679.24,8.48,11.22,0,0,2.0041,2.0343,c157d5b88fa3e51adc9105b70f060b1837e4cd58a1ea5b033fafd54f1457a8e8,final,ablation: SwiGLU only; original train.py
improved-small-fair,N/A,student,configs/baseline.json,17,N/A,1200,32,256,9830400,1053824,CPU Intel i5-11300H,4,fp32,594.05,9.82,11.35,0,0,1.8381,1.868,be16b261f130244869c0d31c862cf19c7927032a201e24eca27fb074065f05d6,final,ablation: full improved (RMSNorm+RoPE+SwiGLU); original train.py
improved-opt-4k,N/A,student,configs/large.json,17,N/A,4000,32,256,32768000,3049920,CPU Intel i5-11300H,8,fp32,N/A,N/A,23.28,0,0,N/A,1.6869,N/A,final,192x6 4000 steps; ema=0.999 ls=0.1
improved-xl-6k,N/A,student,configs/xlarge.json,17,N/A,6000,32,256,49152000,6852864,CPU Intel i5-11300H,8,fp32,12095.32,30.83,42.79,0,0,1.6486,1.6785,08b5b4068b30f62d6148c445b955d04048b528cdf6dfab5d8d348b4d964be4ec,final,256x8 6000 steps; ema=0.999 ls=0.1; overfit after 4000
improved-xl-4k,N/A,student,configs/xlarge.json,17,N/A,4000,32,256,32768000,6852864,CPU Intel i5-11300H,8,fp32,8340.01,31.96,43.19,0,0,1.6151,1.6464,07653658f15c22eacbfc3988ef2c778039f4711861fe5522caad67f29a54a517,final,256x8 4000 steps; ema=0.999 ls=0.1
screen-A-ls0-ema995,N/A,student,configs/xlarge.json,17,N/A,2000,32,256,16384000,6852864,CPU Intel i5-11300H,8,fp32,4299.11,31.95,N/A,0,0,1.6336,N/A,8cafce9c01a7b2ad2e238747c6a1314355401c89a906df003e138644fbd86d63,validation,coarse screen; ls=0 ema=0.995; no bigram; validation only
screen-C-bigram,N/A,student,configs/xlarge_bigram.json,17,N/A,2000,32,256,16384000,6852864,CPU Intel i5-11300H,8,fp32,4209.28,35.39,N/A,0,0,1.6272,N/A,824dd053035b3d6ffc660a11df6fa8ce74542c4c80e25cceb36381431ea3352e,validation,coarse screen; ls=0 ema=0.995; bigram lambda=0.08; validation only
final-bigram-4k,N/A,student,configs/xlarge_bigram.json,17,N/A,4000,32,256,32768000,6852864,CPU Intel i5-11300H,8,fp32,8228.29,32.8,50.59,0,0,1.5506,1.5677,9e6833caa8bbe0fab8b1a00dbfa9d31d51a4a2200ee5f46fd3316c6819f24086,validation,FINAL SUBMISSION; 256x8; ema=0.995 ls=0; bigram lambda=0.08; local cache lambda=0.30 k=2.0; best ckpt at step 2500
